[
{"PRO_COM":62040,"NOME_COM":"Moiano"},
{"PRO_COM":62041,"NOME_COM":"Molinara"},
{"PRO_COM":62042,"NOME_COM":"Montefalcone di Val Fortore"},
{"PRO_COM":62043,"NOME_COM":"Montesarchio"},
{"PRO_COM":62044,"NOME_COM":"Morcone"},
{"PRO_COM":62045,"NOME_COM":"Paduli"},
{"PRO_COM":62046,"NOME_COM":"Pago Veiano"},
{"PRO_COM":62047,"NOME_COM":"Pannarano"},
{"PRO_COM":62048,"NOME_COM":"Paolisi"},
{"PRO_COM":62049,"NOME_COM":"Paupisi"},
{"PRO_COM":62050,"NOME_COM":"Pesco Sannita"},
{"PRO_COM":62051,"NOME_COM":"Pietraroja"},
{"PRO_COM":62052,"NOME_COM":"Pietrelcina"},
{"PRO_COM":62053,"NOME_COM":"Ponte"},
{"PRO_COM":62054,"NOME_COM":"Pontelandolfo"},
{"PRO_COM":62055,"NOME_COM":"Puglianello"},
{"PRO_COM":62056,"NOME_COM":"Reino"},
{"PRO_COM":62057,"NOME_COM":"San Bartolomeo in Galdo"},
{"PRO_COM":62058,"NOME_COM":"San Giorgio del Sannio"},
{"PRO_COM":62059,"NOME_COM":"San Giorgio La Molara"},
{"PRO_COM":62060,"NOME_COM":"San Leucio del Sannio"},
{"PRO_COM":62061,"NOME_COM":"San Lorenzello"},
{"PRO_COM":62062,"NOME_COM":"San Lorenzo Maggiore"},
{"PRO_COM":62063,"NOME_COM":"San Lupo"},
{"PRO_COM":62064,"NOME_COM":"San Marco dei Cavoti"},
{"PRO_COM":62065,"NOME_COM":"San Martino Sannita"},
{"PRO_COM":62066,"NOME_COM":"San Nazzaro"},
{"PRO_COM":62067,"NOME_COM":"San Nicola Manfredi"},
{"PRO_COM":62068,"NOME_COM":"San Salvatore Telesino"},
{"PRO_COM":62069,"NOME_COM":"Santa Croce del Sannio"},
{"PRO_COM":62070,"NOME_COM":"Sant'Agata de' Goti"},
{"PRO_COM":62071,"NOME_COM":"Sant'Angelo a Cupolo"},
{"PRO_COM":62072,"NOME_COM":"Sassinoro"},
{"PRO_COM":62073,"NOME_COM":"Solopaca"},
{"PRO_COM":62074,"NOME_COM":"Telese Terme"},
{"PRO_COM":62075,"NOME_COM":"Tocco Caudio"},
{"PRO_COM":62076,"NOME_COM":"Torrecuso"},
{"PRO_COM":62077,"NOME_COM":"Vitulano"},
{"PRO_COM":62078,"NOME_COM":"Sant'Arcangelo Trimonte"},
{"PRO_COM":63001,"NOME_COM":"Acerra"},
{"PRO_COM":63002,"NOME_COM":"Afragola"},
{"PRO_COM":63003,"NOME_COM":"Agerola"},
{"PRO_COM":63004,"NOME_COM":"Anacapri"},
{"PRO_COM":63005,"NOME_COM":"Arzano"},
{"PRO_COM":63006,"NOME_COM":"Bacoli"},
{"PRO_COM":63007,"NOME_COM":"Barano d'Ischia"},
{"PRO_COM":63008,"NOME_COM":"Boscoreale"},
{"PRO_COM":63009,"NOME_COM":"Boscotrecase"},
{"PRO_COM":63010,"NOME_COM":"Brusciano"},
{"PRO_COM":63011,"NOME_COM":"Caivano"},
{"PRO_COM":63012,"NOME_COM":"Calvizzano"},
{"PRO_COM":63013,"NOME_COM":"Camposano"},
{"PRO_COM":61001,"NOME_COM":"Ailano"},
{"PRO_COM":61002,"NOME_COM":"Alife"},
{"PRO_COM":61003,"NOME_COM":"Alvignano"},
{"PRO_COM":61004,"NOME_COM":"Arienzo"},
{"PRO_COM":61005,"NOME_COM":"Aversa"},
{"PRO_COM":61006,"NOME_COM":"Baia e Latina"},
{"PRO_COM":61007,"NOME_COM":"Bellona"},
{"PRO_COM":61008,"NOME_COM":"Caianello"},
{"PRO_COM":61009,"NOME_COM":"Caiazzo"},
{"PRO_COM":61010,"NOME_COM":"Calvi Risorta"},
{"PRO_COM":61011,"NOME_COM":"Camigliano"},
{"PRO_COM":61012,"NOME_COM":"Cancello ed Arnone"},
{"PRO_COM":61013,"NOME_COM":"Capodrise"},
{"PRO_COM":61014,"NOME_COM":"Capriati a Volturno"},
{"PRO_COM":61015,"NOME_COM":"Capua"},
{"PRO_COM":61016,"NOME_COM":"Carinaro"},
{"PRO_COM":61017,"NOME_COM":"Carinola"},
{"PRO_COM":61018,"NOME_COM":"Casagiove"},
{"PRO_COM":61019,"NOME_COM":"Casal di Principe"},
{"PRO_COM":61020,"NOME_COM":"Casaluce"},
{"PRO_COM":61021,"NOME_COM":"Casapulla"},
{"PRO_COM":61022,"NOME_COM":"Caserta"},
{"PRO_COM":61023,"NOME_COM":"Castel Campagnano"},
{"PRO_COM":61024,"NOME_COM":"Castel di Sasso"},
{"PRO_COM":61025,"NOME_COM":"Castello del Matese"},
{"PRO_COM":61026,"NOME_COM":"Castel Morrone"},
{"PRO_COM":61027,"NOME_COM":"Castel Volturno"},
{"PRO_COM":61028,"NOME_COM":"Cervino"},
{"PRO_COM":61029,"NOME_COM":"Cesa"},
{"PRO_COM":61030,"NOME_COM":"Ciorlano"},
{"PRO_COM":61031,"NOME_COM":"Conca della Campania"},
{"PRO_COM":61032,"NOME_COM":"Curti"},
{"PRO_COM":61033,"NOME_COM":"Dragoni"},
{"PRO_COM":61034,"NOME_COM":"Fontegreca"},
{"PRO_COM":61035,"NOME_COM":"Formicola"},
{"PRO_COM":61036,"NOME_COM":"Francolise"},
{"PRO_COM":61037,"NOME_COM":"Frignano"},
{"PRO_COM":61038,"NOME_COM":"Gallo Matese"},
{"PRO_COM":61039,"NOME_COM":"Galluccio"},
{"PRO_COM":61040,"NOME_COM":"Giano Vetusto"},
{"PRO_COM":61041,"NOME_COM":"Gioia Sannitica"},
{"PRO_COM":61042,"NOME_COM":"Grazzanise"},
{"PRO_COM":61043,"NOME_COM":"Gricignano di Aversa"},
{"PRO_COM":61044,"NOME_COM":"Letino"},
{"PRO_COM":61045,"NOME_COM":"Liberi"},
{"PRO_COM":61046,"NOME_COM":"Lusciano"},
{"PRO_COM":61047,"NOME_COM":"Macerata Campania"},
{"PRO_COM":61048,"NOME_COM":"Maddaloni"},
{"PRO_COM":61049,"NOME_COM":"Marcianise"},
{"PRO_COM":61050,"NOME_COM":"Marzano Appio"},
{"PRO_COM":61051,"NOME_COM":"Mignano Monte Lungo"},
{"PRO_COM":61052,"NOME_COM":"Mondragone"},
{"PRO_COM":61053,"NOME_COM":"Orta di Atella"},
{"PRO_COM":61054,"NOME_COM":"Parete"},
{"PRO_COM":61055,"NOME_COM":"Pastorano"},
{"PRO_COM":61056,"NOME_COM":"Piana di Monte Verna"},
{"PRO_COM":61057,"NOME_COM":"Piedimonte Matese"},
{"PRO_COM":61058,"NOME_COM":"Pietramelara"},
{"PRO_COM":61059,"NOME_COM":"Pietravairano"},
{"PRO_COM":61060,"NOME_COM":"Pignataro Maggiore"},
{"PRO_COM":61061,"NOME_COM":"Pontelatone"},
{"PRO_COM":61062,"NOME_COM":"Portico di Caserta"},
{"PRO_COM":61063,"NOME_COM":"Prata Sannita"},
{"PRO_COM":61064,"NOME_COM":"Pratella"},
{"PRO_COM":61065,"NOME_COM":"Presenzano"},
{"PRO_COM":61066,"NOME_COM":"Raviscanina"},
{"PRO_COM":61067,"NOME_COM":"Recale"},
{"PRO_COM":61068,"NOME_COM":"Riardo"},
{"PRO_COM":61069,"NOME_COM":"Rocca d'Evandro"},
{"PRO_COM":61070,"NOME_COM":"Roccamonfina"},
{"PRO_COM":61071,"NOME_COM":"Roccaromana"},
{"PRO_COM":61072,"NOME_COM":"Rocchetta e Croce"},
{"PRO_COM":61073,"NOME_COM":"Ruviano"},
{"PRO_COM":61074,"NOME_COM":"San Cipriano d'Aversa"},
{"PRO_COM":61075,"NOME_COM":"San Felice a Cancello"},
{"PRO_COM":61076,"NOME_COM":"San Gregorio Matese"},
{"PRO_COM":61077,"NOME_COM":"San Marcellino"},
{"PRO_COM":61078,"NOME_COM":"San Nicola la Strada"},
{"PRO_COM":61079,"NOME_COM":"San Pietro Infine"},
{"PRO_COM":61080,"NOME_COM":"San Potito Sannitico"},
{"PRO_COM":61081,"NOME_COM":"San Prisco"},
{"PRO_COM":61082,"NOME_COM":"Santa Maria a Vico"},
{"PRO_COM":61083,"NOME_COM":"Santa Maria Capua Vetere"},
{"PRO_COM":61084,"NOME_COM":"Santa Maria la Fossa"},
{"PRO_COM":61085,"NOME_COM":"San Tammaro"},
{"PRO_COM":61086,"NOME_COM":"Sant'Angelo d'Alife"},
{"PRO_COM":61087,"NOME_COM":"Sant'Arpino"},
{"PRO_COM":61088,"NOME_COM":"Sessa Aurunca"},
{"PRO_COM":61089,"NOME_COM":"Sparanise"},
{"PRO_COM":61090,"NOME_COM":"Succivo"},
{"PRO_COM":61091,"NOME_COM":"Teano"},
{"PRO_COM":61092,"NOME_COM":"Teverola"},
{"PRO_COM":61093,"NOME_COM":"Tora e Piccilli"},
{"PRO_COM":61094,"NOME_COM":"Trentola-Ducenta"},
{"PRO_COM":61095,"NOME_COM":"Vairano Patenora"},
{"PRO_COM":61096,"NOME_COM":"Valle Agricola"},
{"PRO_COM":61097,"NOME_COM":"Valle di Maddaloni"},
{"PRO_COM":61098,"NOME_COM":"Villa di Briano"},
{"PRO_COM":61099,"NOME_COM":"Villa Literno"},
{"PRO_COM":61100,"NOME_COM":"Vitulazio"},
{"PRO_COM":61101,"NOME_COM":"Falciano del Massico"},
{"PRO_COM":61102,"NOME_COM":"Cellole"},
{"PRO_COM":61103,"NOME_COM":"Casapesenna"},
{"PRO_COM":61104,"NOME_COM":"San Marco Evangelista"},
{"PRO_COM":62001,"NOME_COM":"Airola"},
{"PRO_COM":62002,"NOME_COM":"Amorosi"},
{"PRO_COM":62003,"NOME_COM":"Apice"},
{"PRO_COM":62004,"NOME_COM":"Apollosa"},
{"PRO_COM":62005,"NOME_COM":"Arpaia"},
{"PRO_COM":62006,"NOME_COM":"Arpaise"},
{"PRO_COM":62007,"NOME_COM":"Baselice"},
{"PRO_COM":62008,"NOME_COM":"Benevento"},
{"PRO_COM":62009,"NOME_COM":"Bonea"},
{"PRO_COM":62010,"NOME_COM":"Bucciano"},
{"PRO_COM":62011,"NOME_COM":"Buonalbergo"},
{"PRO_COM":62012,"NOME_COM":"Calvi"},
{"PRO_COM":62013,"NOME_COM":"Campolattaro"},
{"PRO_COM":62014,"NOME_COM":"Campoli del Monte Taburno"},
{"PRO_COM":62015,"NOME_COM":"Casalduni"},
{"PRO_COM":62016,"NOME_COM":"Castelfranco in Miscano"},
{"PRO_COM":62017,"NOME_COM":"Castelpagano"},
{"PRO_COM":62018,"NOME_COM":"Castelpoto"},
{"PRO_COM":62019,"NOME_COM":"Castelvenere"},
{"PRO_COM":62020,"NOME_COM":"Castelvetere in Val Fortore"},
{"PRO_COM":62021,"NOME_COM":"Cautano"},
{"PRO_COM":62022,"NOME_COM":"Ceppaloni"},
{"PRO_COM":62023,"NOME_COM":"Cerreto Sannita"},
{"PRO_COM":62024,"NOME_COM":"Circello"},
{"PRO_COM":62025,"NOME_COM":"Colle Sannita"},
{"PRO_COM":62026,"NOME_COM":"Cusano Mutri"},
{"PRO_COM":62027,"NOME_COM":"Dugenta"},
{"PRO_COM":62028,"NOME_COM":"Durazzano"},
{"PRO_COM":62029,"NOME_COM":"Faicchio"},
{"PRO_COM":62030,"NOME_COM":"Foglianise"},
{"PRO_COM":62031,"NOME_COM":"Foiano di Val Fortore"},
{"PRO_COM":62032,"NOME_COM":"Forchia"},
{"PRO_COM":62033,"NOME_COM":"Fragneto l'Abate"},
{"PRO_COM":62034,"NOME_COM":"Fragneto Monforte"},
{"PRO_COM":62035,"NOME_COM":"Frasso Telesino"},
{"PRO_COM":62036,"NOME_COM":"Ginestra degli Schiavoni"},
{"PRO_COM":62037,"NOME_COM":"Guardia Sanframondi"},
{"PRO_COM":62038,"NOME_COM":"Limatola"},
{"PRO_COM":62039,"NOME_COM":"Melizzano"},
{"PRO_COM":63014,"NOME_COM":"Capri"},
{"PRO_COM":63015,"NOME_COM":"Carbonara di Nola"},
{"PRO_COM":63016,"NOME_COM":"Cardito"},
{"PRO_COM":63017,"NOME_COM":"Casalnuovo di Napoli"},
{"PRO_COM":63018,"NOME_COM":"Casamarciano"},
{"PRO_COM":63019,"NOME_COM":"Casamicciola Terme"},
{"PRO_COM":63020,"NOME_COM":"Casandrino"},
{"PRO_COM":63021,"NOME_COM":"Casavatore"},
{"PRO_COM":63022,"NOME_COM":"Casola di Napoli"},
{"PRO_COM":63023,"NOME_COM":"Casoria"},
{"PRO_COM":63024,"NOME_COM":"Castellammare di Stabia"},
{"PRO_COM":63025,"NOME_COM":"Castello di Cisterna"},
{"PRO_COM":63026,"NOME_COM":"Cercola"},
{"PRO_COM":63027,"NOME_COM":"Cicciano"},
{"PRO_COM":63028,"NOME_COM":"Cimitile"},
{"PRO_COM":63029,"NOME_COM":"Comiziano"},
{"PRO_COM":63030,"NOME_COM":"Crispano"},
{"PRO_COM":63031,"NOME_COM":"Forio"},
{"PRO_COM":63032,"NOME_COM":"Frattamaggiore"},
{"PRO_COM":63033,"NOME_COM":"Frattaminore"},
{"PRO_COM":63034,"NOME_COM":"Giugliano in Campania"},
{"PRO_COM":63035,"NOME_COM":"Gragnano"},
{"PRO_COM":63036,"NOME_COM":"Grumo Nevano"},
{"PRO_COM":63037,"NOME_COM":"Ischia"},
{"PRO_COM":63038,"NOME_COM":"Lacco Ameno"},
{"PRO_COM":63039,"NOME_COM":"Lettere"},
{"PRO_COM":63040,"NOME_COM":"Liveri"},
{"PRO_COM":63041,"NOME_COM":"Marano di Napoli"},
{"PRO_COM":63042,"NOME_COM":"Mariglianella"},
{"PRO_COM":63043,"NOME_COM":"Marigliano"},
{"PRO_COM":63044,"NOME_COM":"Massa Lubrense"},
{"PRO_COM":63045,"NOME_COM":"Melito di Napoli"},
{"PRO_COM":63046,"NOME_COM":"Meta"},
{"PRO_COM":63047,"NOME_COM":"Monte di Procida"},
{"PRO_COM":63048,"NOME_COM":"Mugnano di Napoli"},
{"PRO_COM":63049,"NOME_COM":"Napoli"},
{"PRO_COM":63050,"NOME_COM":"Nola"},
{"PRO_COM":63051,"NOME_COM":"Ottaviano"},
{"PRO_COM":63052,"NOME_COM":"Palma Campania"},
{"PRO_COM":63053,"NOME_COM":"Piano di Sorrento"},
{"PRO_COM":63054,"NOME_COM":"Pimonte"},
{"PRO_COM":63055,"NOME_COM":"Poggiomarino"},
{"PRO_COM":63056,"NOME_COM":"Pollena Trocchia"},
{"PRO_COM":63057,"NOME_COM":"Pomigliano d'Arco"},
{"PRO_COM":63058,"NOME_COM":"Pompei"},
{"PRO_COM":63059,"NOME_COM":"Portici"},
{"PRO_COM":63060,"NOME_COM":"Pozzuoli"},
{"PRO_COM":63061,"NOME_COM":"Procida"},
{"PRO_COM":63062,"NOME_COM":"Qualiano"},
{"PRO_COM":63063,"NOME_COM":"Quarto"},
{"PRO_COM":63064,"NOME_COM":"Ercolano"},
{"PRO_COM":63065,"NOME_COM":"Roccarainola"},
{"PRO_COM":63066,"NOME_COM":"San Gennaro Vesuviano"},
{"PRO_COM":63067,"NOME_COM":"San Giorgio a Cremano"},
{"PRO_COM":63068,"NOME_COM":"San Giuseppe Vesuviano"},
{"PRO_COM":63069,"NOME_COM":"San Paolo Bel Sito"},
{"PRO_COM":63070,"NOME_COM":"San Sebastiano al Vesuvio"},
{"PRO_COM":63071,"NOME_COM":"Sant'Agnello"},
{"PRO_COM":63072,"NOME_COM":"Sant'Anastasia"},
{"PRO_COM":63073,"NOME_COM":"Sant'Antimo"},
{"PRO_COM":63074,"NOME_COM":"Sant'Antonio Abate"},
{"PRO_COM":63075,"NOME_COM":"San Vitaliano"},
{"PRO_COM":63076,"NOME_COM":"Saviano"},
{"PRO_COM":63077,"NOME_COM":"Scisciano"},
{"PRO_COM":63078,"NOME_COM":"Serrara Fontana"},
{"PRO_COM":63079,"NOME_COM":"Somma Vesuviana"},
{"PRO_COM":63080,"NOME_COM":"Sorrento"},
{"PRO_COM":63081,"NOME_COM":"Striano"},
{"PRO_COM":63082,"NOME_COM":"Terzigno"},
{"PRO_COM":63083,"NOME_COM":"Torre Annunziata"},
{"PRO_COM":63084,"NOME_COM":"Torre del Greco"},
{"PRO_COM":63085,"NOME_COM":"Tufino"},
{"PRO_COM":63086,"NOME_COM":"Vico Equense"},
{"PRO_COM":63087,"NOME_COM":"Villaricca"},
{"PRO_COM":63088,"NOME_COM":"Visciano"},
{"PRO_COM":63089,"NOME_COM":"Volla"},
{"PRO_COM":63090,"NOME_COM":"Santa Maria la Carità"},
{"PRO_COM":63091,"NOME_COM":"Trecase"},
{"PRO_COM":63092,"NOME_COM":"Massa di Somma"},
{"PRO_COM":64001,"NOME_COM":"Aiello del Sabato"},
{"PRO_COM":64002,"NOME_COM":"Altavilla Irpina"},
{"PRO_COM":64003,"NOME_COM":"Andretta"},
{"PRO_COM":64004,"NOME_COM":"Aquilonia"},
{"PRO_COM":64005,"NOME_COM":"Ariano Irpino"},
{"PRO_COM":64006,"NOME_COM":"Atripalda"},
{"PRO_COM":64007,"NOME_COM":"Avella"},
{"PRO_COM":64008,"NOME_COM":"Avellino"},
{"PRO_COM":64009,"NOME_COM":"Bagnoli Irpino"},
{"PRO_COM":64010,"NOME_COM":"Baiano"},
{"PRO_COM":64011,"NOME_COM":"Bisaccia"},
{"PRO_COM":64012,"NOME_COM":"Bonito"},
{"PRO_COM":64013,"NOME_COM":"Cairano"},
{"PRO_COM":64014,"NOME_COM":"Calabritto"},
{"PRO_COM":64015,"NOME_COM":"Calitri"},
{"PRO_COM":64016,"NOME_COM":"Candida"},
{"PRO_COM":64017,"NOME_COM":"Caposele"},
{"PRO_COM":64018,"NOME_COM":"Capriglia Irpina"},
{"PRO_COM":64019,"NOME_COM":"Carife"},
{"PRO_COM":64020,"NOME_COM":"Casalbore"},
{"PRO_COM":64021,"NOME_COM":"Cassano Irpino"},
{"PRO_COM":64022,"NOME_COM":"Castel Baronia"},
{"PRO_COM":64023,"NOME_COM":"Castelfranci"},
{"PRO_COM":64024,"NOME_COM":"Castelvetere sul Calore"},
{"PRO_COM":64025,"NOME_COM":"Cervinara"},
{"PRO_COM":64026,"NOME_COM":"Cesinali"},
{"PRO_COM":64027,"NOME_COM":"Chianche"},
{"PRO_COM":64028,"NOME_COM":"Chiusano di San Domenico"},
{"PRO_COM":64029,"NOME_COM":"Contrada"},
{"PRO_COM":64030,"NOME_COM":"Conza della Campania"},
{"PRO_COM":64031,"NOME_COM":"Domicella"},
{"PRO_COM":64032,"NOME_COM":"Flumeri"},
{"PRO_COM":64033,"NOME_COM":"Fontanarosa"},
{"PRO_COM":64034,"NOME_COM":"Forino"},
{"PRO_COM":64035,"NOME_COM":"Frigento"},
{"PRO_COM":64036,"NOME_COM":"Gesualdo"},
{"PRO_COM":64037,"NOME_COM":"Greci"},
{"PRO_COM":64038,"NOME_COM":"Grottaminarda"},
{"PRO_COM":64039,"NOME_COM":"Grottolella"},
{"PRO_COM":64040,"NOME_COM":"Guardia Lombardi"},
{"PRO_COM":64041,"NOME_COM":"Lacedonia"},
{"PRO_COM":64042,"NOME_COM":"Lapio"},
{"PRO_COM":64043,"NOME_COM":"Lauro"},
{"PRO_COM":64044,"NOME_COM":"Lioni"},
{"PRO_COM":64045,"NOME_COM":"Luogosano"},
{"PRO_COM":64046,"NOME_COM":"Manocalzati"},
{"PRO_COM":64047,"NOME_COM":"Marzano di Nola"},
{"PRO_COM":64048,"NOME_COM":"Melito Irpino"},
{"PRO_COM":64049,"NOME_COM":"Mercogliano"},
{"PRO_COM":64050,"NOME_COM":"Mirabella Eclano"},
{"PRO_COM":64051,"NOME_COM":"Montaguto"},
{"PRO_COM":64052,"NOME_COM":"Montecalvo Irpino"},
{"PRO_COM":64053,"NOME_COM":"Montefalcione"},
{"PRO_COM":64054,"NOME_COM":"Monteforte Irpino"},
{"PRO_COM":64055,"NOME_COM":"Montefredane"},
{"PRO_COM":64056,"NOME_COM":"Montefusco"},
{"PRO_COM":64057,"NOME_COM":"Montella"},
{"PRO_COM":64058,"NOME_COM":"Montemarano"},
{"PRO_COM":64059,"NOME_COM":"Montemiletto"},
{"PRO_COM":64060,"NOME_COM":"Monteverde"},
{"PRO_COM":64061,"NOME_COM":"Montoro Inferiore"},
{"PRO_COM":64062,"NOME_COM":"Montoro Superiore"},
{"PRO_COM":64063,"NOME_COM":"Morra De Sanctis"},
{"PRO_COM":64064,"NOME_COM":"Moschiano"},
{"PRO_COM":64065,"NOME_COM":"Mugnano del Cardinale"},
{"PRO_COM":64066,"NOME_COM":"Nusco"},
{"PRO_COM":64067,"NOME_COM":"Ospedaletto d'Alpinolo"},
{"PRO_COM":64068,"NOME_COM":"Pago del Vallo di Lauro"},
{"PRO_COM":64069,"NOME_COM":"Parolise"},
{"PRO_COM":64070,"NOME_COM":"Paternopoli"},
{"PRO_COM":64071,"NOME_COM":"Petruro Irpino"},
{"PRO_COM":64072,"NOME_COM":"Pietradefusi"},
{"PRO_COM":64073,"NOME_COM":"Pietrastornina"},
{"PRO_COM":64074,"NOME_COM":"Prata di Principato Ultra"},
{"PRO_COM":64075,"NOME_COM":"Pratola Serra"},
{"PRO_COM":64076,"NOME_COM":"Quadrelle"},
{"PRO_COM":64077,"NOME_COM":"Quindici"},
{"PRO_COM":64078,"NOME_COM":"Roccabascerana"},
{"PRO_COM":64079,"NOME_COM":"Rocca San Felice"},
{"PRO_COM":64080,"NOME_COM":"Rotondi"},
{"PRO_COM":64081,"NOME_COM":"Salza Irpina"},
{"PRO_COM":64082,"NOME_COM":"San Mango sul Calore"},
{"PRO_COM":64083,"NOME_COM":"San Martino Valle Caudina"},
{"PRO_COM":64084,"NOME_COM":"San Michele di Serino"},
{"PRO_COM":64085,"NOME_COM":"San Nicola Baronia"},
{"PRO_COM":64086,"NOME_COM":"San Potito Ultra"},
{"PRO_COM":64087,"NOME_COM":"San Sossio Baronia"},
{"PRO_COM":64088,"NOME_COM":"Santa Lucia di Serino"},
{"PRO_COM":64089,"NOME_COM":"Sant'Andrea di Conza"},
{"PRO_COM":64090,"NOME_COM":"Sant'Angelo all'Esca"},
{"PRO_COM":64091,"NOME_COM":"Sant'Angelo a Scala"},
{"PRO_COM":64092,"NOME_COM":"Sant'Angelo dei Lombardi"},
{"PRO_COM":64093,"NOME_COM":"Santa Paolina"},
{"PRO_COM":64095,"NOME_COM":"Santo Stefano del Sole"},
{"PRO_COM":64096,"NOME_COM":"Savignano Irpino"},
{"PRO_COM":64097,"NOME_COM":"Scampitella"},
{"PRO_COM":64098,"NOME_COM":"Senerchia"},
{"PRO_COM":64099,"NOME_COM":"Serino"},
{"PRO_COM":64100,"NOME_COM":"Sirignano"},
{"PRO_COM":64101,"NOME_COM":"Solofra"},
{"PRO_COM":64102,"NOME_COM":"Sorbo Serpico"},
{"PRO_COM":64103,"NOME_COM":"Sperone"},
{"PRO_COM":64104,"NOME_COM":"Sturno"},
{"PRO_COM":64105,"NOME_COM":"Summonte"},
{"PRO_COM":64106,"NOME_COM":"Taurano"},
{"PRO_COM":64107,"NOME_COM":"Taurasi"},
{"PRO_COM":64108,"NOME_COM":"Teora"},
{"PRO_COM":64109,"NOME_COM":"Torella dei Lombardi"},
{"PRO_COM":64110,"NOME_COM":"Torre Le Nocelle"},
{"PRO_COM":64111,"NOME_COM":"Torrioni"},
{"PRO_COM":64112,"NOME_COM":"Trevico"},
{"PRO_COM":64113,"NOME_COM":"Tufo"},
{"PRO_COM":64114,"NOME_COM":"Vallata"},
{"PRO_COM":64115,"NOME_COM":"Vallesaccarda"},
{"PRO_COM":64116,"NOME_COM":"Venticano"},
{"PRO_COM":64117,"NOME_COM":"Villamaina"},
{"PRO_COM":64118,"NOME_COM":"Villanova del Battista"},
{"PRO_COM":64119,"NOME_COM":"Volturara Irpina"},
{"PRO_COM":64120,"NOME_COM":"Zungoli"},
{"PRO_COM":65001,"NOME_COM":"Acerno"},
{"PRO_COM":65002,"NOME_COM":"Agropoli"},
{"PRO_COM":65003,"NOME_COM":"Albanella"},
{"PRO_COM":65004,"NOME_COM":"Alfano"},
{"PRO_COM":65005,"NOME_COM":"Altavilla Silentina"},
{"PRO_COM":65006,"NOME_COM":"Amalfi"},
{"PRO_COM":65007,"NOME_COM":"Angri"},
{"PRO_COM":65008,"NOME_COM":"Aquara"},
{"PRO_COM":65009,"NOME_COM":"Ascea"},
{"PRO_COM":65010,"NOME_COM":"Atena Lucana"},
{"PRO_COM":65011,"NOME_COM":"Atrani"},
{"PRO_COM":65012,"NOME_COM":"Auletta"},
{"PRO_COM":65013,"NOME_COM":"Baronissi"},
{"PRO_COM":65014,"NOME_COM":"Battipaglia"},
{"PRO_COM":65015,"NOME_COM":"Bellosguardo"},
{"PRO_COM":65016,"NOME_COM":"Bracigliano"},
{"PRO_COM":65017,"NOME_COM":"Buccino"},
{"PRO_COM":65018,"NOME_COM":"Buonabitacolo"},
{"PRO_COM":65019,"NOME_COM":"Caggiano"},
{"PRO_COM":65020,"NOME_COM":"Calvanico"},
{"PRO_COM":65021,"NOME_COM":"Camerota"},
{"PRO_COM":65022,"NOME_COM":"Campagna"},
{"PRO_COM":65023,"NOME_COM":"Campora"},
{"PRO_COM":65024,"NOME_COM":"Cannalonga"},
{"PRO_COM":65025,"NOME_COM":"Capaccio"},
{"PRO_COM":65026,"NOME_COM":"Casalbuono"},
{"PRO_COM":65027,"NOME_COM":"Casaletto Spartano"},
{"PRO_COM":65028,"NOME_COM":"Casal Velino"},
{"PRO_COM":65029,"NOME_COM":"Caselle in Pittari"},
{"PRO_COM":65030,"NOME_COM":"Castelcivita"},
{"PRO_COM":65031,"NOME_COM":"Castellabate"},
{"PRO_COM":65032,"NOME_COM":"Castelnuovo Cilento"},
{"PRO_COM":65033,"NOME_COM":"Castelnuovo di Conza"},
{"PRO_COM":65034,"NOME_COM":"Castel San Giorgio"},
{"PRO_COM":65035,"NOME_COM":"Castel San Lorenzo"},
{"PRO_COM":65036,"NOME_COM":"Castiglione del Genovesi"},
{"PRO_COM":65037,"NOME_COM":"Cava de' Tirreni"},
{"PRO_COM":65038,"NOME_COM":"Celle di Bulgheria"},
{"PRO_COM":65039,"NOME_COM":"Centola"},
{"PRO_COM":65040,"NOME_COM":"Ceraso"},
{"PRO_COM":65041,"NOME_COM":"Cetara"},
{"PRO_COM":65042,"NOME_COM":"Cicerale"},
{"PRO_COM":65043,"NOME_COM":"Colliano"},
{"PRO_COM":65044,"NOME_COM":"Conca dei Marini"},
{"PRO_COM":65045,"NOME_COM":"Controne"},
{"PRO_COM":65046,"NOME_COM":"Contursi Terme"},
{"PRO_COM":65047,"NOME_COM":"Corbara"},
{"PRO_COM":65048,"NOME_COM":"Corleto Monforte"},
{"PRO_COM":65049,"NOME_COM":"Cuccaro Vetere"},
{"PRO_COM":65050,"NOME_COM":"Eboli"},
{"PRO_COM":65051,"NOME_COM":"Felitto"},
{"PRO_COM":65052,"NOME_COM":"Fisciano"},
{"PRO_COM":65053,"NOME_COM":"Furore"},
{"PRO_COM":65054,"NOME_COM":"Futani"},
{"PRO_COM":65055,"NOME_COM":"Giffoni Sei Casali"},
{"PRO_COM":65056,"NOME_COM":"Giffoni Valle Piana"},
{"PRO_COM":65057,"NOME_COM":"Gioi"},
{"PRO_COM":65058,"NOME_COM":"Giungano"},
{"PRO_COM":65059,"NOME_COM":"Ispani"},
{"PRO_COM":65060,"NOME_COM":"Laureana Cilento"},
{"PRO_COM":65061,"NOME_COM":"Laurino"},
{"PRO_COM":65062,"NOME_COM":"Laurito"},
{"PRO_COM":65063,"NOME_COM":"Laviano"},
{"PRO_COM":65064,"NOME_COM":"Lustra"},
{"PRO_COM":65065,"NOME_COM":"Magliano Vetere"},
{"PRO_COM":65066,"NOME_COM":"Maiori"},
{"PRO_COM":65067,"NOME_COM":"Mercato San Severino"},
{"PRO_COM":65068,"NOME_COM":"Minori"},
{"PRO_COM":65069,"NOME_COM":"Moio della Civitella"},
{"PRO_COM":65070,"NOME_COM":"Montano Antilia"},
{"PRO_COM":65071,"NOME_COM":"Montecorice"},
{"PRO_COM":65072,"NOME_COM":"Montecorvino Pugliano"},
{"PRO_COM":65073,"NOME_COM":"Montecorvino Rovella"},
{"PRO_COM":65074,"NOME_COM":"Monteforte Cilento"},
{"PRO_COM":65075,"NOME_COM":"Monte San Giacomo"},
{"PRO_COM":65076,"NOME_COM":"Montesano sulla Marcellana"},
{"PRO_COM":65077,"NOME_COM":"Morigerati"},
{"PRO_COM":65078,"NOME_COM":"Nocera Inferiore"},
{"PRO_COM":65079,"NOME_COM":"Nocera Superiore"},
{"PRO_COM":65080,"NOME_COM":"Novi Velia"},
{"PRO_COM":65081,"NOME_COM":"Ogliastro Cilento"},
{"PRO_COM":65082,"NOME_COM":"Olevano sul Tusciano"},
{"PRO_COM":65083,"NOME_COM":"Oliveto Citra"},
{"PRO_COM":65084,"NOME_COM":"Omignano"},
{"PRO_COM":65085,"NOME_COM":"Orria"},
{"PRO_COM":65086,"NOME_COM":"Ottati"},
{"PRO_COM":65087,"NOME_COM":"Padula"},
{"PRO_COM":65088,"NOME_COM":"Pagani"},
{"PRO_COM":65089,"NOME_COM":"Palomonte"},
{"PRO_COM":65090,"NOME_COM":"Pellezzano"},
{"PRO_COM":65091,"NOME_COM":"Perdifumo"},
{"PRO_COM":65092,"NOME_COM":"Perito"},
{"PRO_COM":65093,"NOME_COM":"Pertosa"},
{"PRO_COM":65094,"NOME_COM":"Petina"},
{"PRO_COM":65095,"NOME_COM":"Piaggine"},
{"PRO_COM":65096,"NOME_COM":"Pisciotta"},
{"PRO_COM":65097,"NOME_COM":"Polla"},
{"PRO_COM":65098,"NOME_COM":"Pollica"},
{"PRO_COM":65099,"NOME_COM":"Pontecagnano Faiano"},
{"PRO_COM":65100,"NOME_COM":"Positano"},
{"PRO_COM":65101,"NOME_COM":"Postiglione"},
{"PRO_COM":65102,"NOME_COM":"Praiano"},
{"PRO_COM":65103,"NOME_COM":"Prignano Cilento"},
{"PRO_COM":65104,"NOME_COM":"Ravello"},
{"PRO_COM":65105,"NOME_COM":"Ricigliano"},
{"PRO_COM":65106,"NOME_COM":"Roccadaspide"},
{"PRO_COM":65107,"NOME_COM":"Roccagloriosa"},
{"PRO_COM":65108,"NOME_COM":"Roccapiemonte"},
{"PRO_COM":65109,"NOME_COM":"Rofrano"},
{"PRO_COM":65110,"NOME_COM":"Romagnano al Monte"},
{"PRO_COM":65111,"NOME_COM":"Roscigno"},
{"PRO_COM":65112,"NOME_COM":"Rutino"},
{"PRO_COM":65113,"NOME_COM":"Sacco"},
{"PRO_COM":65114,"NOME_COM":"Sala Consilina"},
{"PRO_COM":65115,"NOME_COM":"Salento"},
{"PRO_COM":65116,"NOME_COM":"Salerno"},
{"PRO_COM":65117,"NOME_COM":"Salvitelle"},
{"PRO_COM":65118,"NOME_COM":"San Cipriano Picentino"},
{"PRO_COM":65119,"NOME_COM":"San Giovanni a Piro"},
{"PRO_COM":65120,"NOME_COM":"San Gregorio Magno"},
{"PRO_COM":65121,"NOME_COM":"San Mango Piemonte"},
{"PRO_COM":65122,"NOME_COM":"San Marzano sul Sarno"},
{"PRO_COM":65123,"NOME_COM":"San Mauro Cilento"},
{"PRO_COM":65124,"NOME_COM":"San Mauro la Bruca"},
{"PRO_COM":65125,"NOME_COM":"San Pietro al Tanagro"},
{"PRO_COM":65126,"NOME_COM":"San Rufo"},
{"PRO_COM":65127,"NOME_COM":"Santa Marina"},
{"PRO_COM":65128,"NOME_COM":"Sant'Angelo a Fasanella"},
{"PRO_COM":65129,"NOME_COM":"Sant'Arsenio"},
{"PRO_COM":65130,"NOME_COM":"Sant'Egidio del Monte Albino"},
{"PRO_COM":65131,"NOME_COM":"Santomenna"},
{"PRO_COM":65132,"NOME_COM":"San Valentino Torio"},
{"PRO_COM":65133,"NOME_COM":"Sanza"},
{"PRO_COM":65134,"NOME_COM":"Sapri"},
{"PRO_COM":65135,"NOME_COM":"Sarno"},
{"PRO_COM":65136,"NOME_COM":"Sassano"},
{"PRO_COM":65137,"NOME_COM":"Scafati"},
{"PRO_COM":65138,"NOME_COM":"Scala"},
{"PRO_COM":65139,"NOME_COM":"Serramezzana"},
{"PRO_COM":65140,"NOME_COM":"Serre"},
{"PRO_COM":65141,"NOME_COM":"Sessa Cilento"},
{"PRO_COM":65142,"NOME_COM":"Siano"},
{"PRO_COM":65143,"NOME_COM":"Sicignano degli Alburni"},
{"PRO_COM":65144,"NOME_COM":"Stella Cilento"},
{"PRO_COM":65145,"NOME_COM":"Stio"},
{"PRO_COM":65146,"NOME_COM":"Teggiano"},
{"PRO_COM":65147,"NOME_COM":"Torchiara"},
{"PRO_COM":65148,"NOME_COM":"Torraca"},
{"PRO_COM":65149,"NOME_COM":"Torre Orsaia"},
{"PRO_COM":65150,"NOME_COM":"Tortorella"},
{"PRO_COM":65151,"NOME_COM":"Tramonti"},
{"PRO_COM":65152,"NOME_COM":"Trentinara"},
{"PRO_COM":65153,"NOME_COM":"Valle dell'Angelo"},
{"PRO_COM":65154,"NOME_COM":"Vallo della Lucania"},
{"PRO_COM":65155,"NOME_COM":"Valva"},
{"PRO_COM":65156,"NOME_COM":"Vibonati"},
{"PRO_COM":65157,"NOME_COM":"Vietri sul Mare"},
{"PRO_COM":65158,"NOME_COM":"Bellizzi"}
]
