[
{"PRO_COM":33020,"NOME_COM":"Ferriere"},
{"PRO_COM":33021,"NOME_COM":"Fiorenzuola d'Arda"},
{"PRO_COM":33022,"NOME_COM":"Gazzola"},
{"PRO_COM":33023,"NOME_COM":"Gossolengo"},
{"PRO_COM":33024,"NOME_COM":"Gragnano Trebbiense"},
{"PRO_COM":33025,"NOME_COM":"Gropparello"},
{"PRO_COM":33026,"NOME_COM":"Lugagnano Val d'Arda"},
{"PRO_COM":33027,"NOME_COM":"Monticelli d'Ongina"},
{"PRO_COM":33028,"NOME_COM":"Morfasso"},
{"PRO_COM":33029,"NOME_COM":"Nibbiano"},
{"PRO_COM":33030,"NOME_COM":"Ottone"},
{"PRO_COM":33031,"NOME_COM":"Pecorara"},
{"PRO_COM":33032,"NOME_COM":"Piacenza"},
{"PRO_COM":33033,"NOME_COM":"Pianello Val Tidone"},
{"PRO_COM":33034,"NOME_COM":"Piozzano"},
{"PRO_COM":33035,"NOME_COM":"Podenzano"},
{"PRO_COM":33036,"NOME_COM":"Ponte dell'Olio"},
{"PRO_COM":33037,"NOME_COM":"Pontenure"},
{"PRO_COM":33038,"NOME_COM":"Rivergaro"},
{"PRO_COM":33039,"NOME_COM":"Rottofreno"},
{"PRO_COM":33040,"NOME_COM":"San Giorgio Piacentino"},
{"PRO_COM":33041,"NOME_COM":"San Pietro in Cerro"},
{"PRO_COM":33042,"NOME_COM":"Sarmato"},
{"PRO_COM":33043,"NOME_COM":"Travo"},
{"PRO_COM":33044,"NOME_COM":"Vernasca"},
{"PRO_COM":33045,"NOME_COM":"Vigolzone"},
{"PRO_COM":33046,"NOME_COM":"Villanova sull'Arda"},
{"PRO_COM":33047,"NOME_COM":"Zerba"},
{"PRO_COM":33048,"NOME_COM":"Ziano Piacentino"},
{"PRO_COM":34001,"NOME_COM":"Albareto"},
{"PRO_COM":34002,"NOME_COM":"Bardi"},
{"PRO_COM":34003,"NOME_COM":"Bedonia"},
{"PRO_COM":34004,"NOME_COM":"Berceto"},
{"PRO_COM":34005,"NOME_COM":"Bore"},
{"PRO_COM":34006,"NOME_COM":"Borgo Val di Taro"},
{"PRO_COM":34007,"NOME_COM":"Busseto"},
{"PRO_COM":34008,"NOME_COM":"Calestano"},
{"PRO_COM":34009,"NOME_COM":"Collecchio"},
{"PRO_COM":34010,"NOME_COM":"Colorno"},
{"PRO_COM":34011,"NOME_COM":"Compiano"},
{"PRO_COM":34012,"NOME_COM":"Corniglio"},
{"PRO_COM":34013,"NOME_COM":"Felino"},
{"PRO_COM":34014,"NOME_COM":"Fidenza"},
{"PRO_COM":34015,"NOME_COM":"Fontanellato"},
{"PRO_COM":34016,"NOME_COM":"Fontevivo"},
{"PRO_COM":34017,"NOME_COM":"Fornovo di Taro"},
{"PRO_COM":34018,"NOME_COM":"Langhirano"},
{"PRO_COM":34019,"NOME_COM":"Lesignano de' Bagni"},
{"PRO_COM":34020,"NOME_COM":"Medesano"},
{"PRO_COM":34021,"NOME_COM":"Mezzani"},
{"PRO_COM":34022,"NOME_COM":"Monchio delle Corti"},
{"PRO_COM":34023,"NOME_COM":"Montechiarugolo"},
{"PRO_COM":34024,"NOME_COM":"Neviano degli Arduini"},
{"PRO_COM":34025,"NOME_COM":"Noceto"},
{"PRO_COM":34026,"NOME_COM":"Palanzano"},
{"PRO_COM":34027,"NOME_COM":"Parma"},
{"PRO_COM":34028,"NOME_COM":"Pellegrino Parmense"},
{"PRO_COM":34029,"NOME_COM":"Polesine Parmense"},
{"PRO_COM":34030,"NOME_COM":"Roccabianca"},
{"PRO_COM":34031,"NOME_COM":"Sala Baganza"},
{"PRO_COM":34032,"NOME_COM":"Salsomaggiore Terme"},
{"PRO_COM":34033,"NOME_COM":"San Secondo Parmense"},
{"PRO_COM":34034,"NOME_COM":"Sissa"},
{"PRO_COM":34035,"NOME_COM":"Solignano"},
{"PRO_COM":34036,"NOME_COM":"Soragna"},
{"PRO_COM":34037,"NOME_COM":"Sorbolo"},
{"PRO_COM":34038,"NOME_COM":"Terenzo"},
{"PRO_COM":34039,"NOME_COM":"Tizzano Val Parma"},
{"PRO_COM":34040,"NOME_COM":"Tornolo"},
{"PRO_COM":34041,"NOME_COM":"Torrile"},
{"PRO_COM":34042,"NOME_COM":"Traversetolo"},
{"PRO_COM":34043,"NOME_COM":"Trecasali"},
{"PRO_COM":34044,"NOME_COM":"Valmozzola"},
{"PRO_COM":34045,"NOME_COM":"Varano de' Melegari"},
{"PRO_COM":34046,"NOME_COM":"Varsi"},
{"PRO_COM":34048,"NOME_COM":"Zibello"},
{"PRO_COM":35001,"NOME_COM":"Albinea"},
{"PRO_COM":35002,"NOME_COM":"Bagnolo in Piano"},
{"PRO_COM":35003,"NOME_COM":"Baiso"},
{"PRO_COM":35004,"NOME_COM":"Bibbiano"},
{"PRO_COM":35005,"NOME_COM":"Boretto"},
{"PRO_COM":35006,"NOME_COM":"Brescello"},
{"PRO_COM":35007,"NOME_COM":"Busana"},
{"PRO_COM":35008,"NOME_COM":"Cadelbosco di Sopra"},
{"PRO_COM":35009,"NOME_COM":"Campagnola Emilia"},
{"PRO_COM":35010,"NOME_COM":"Campegine"},
{"PRO_COM":35011,"NOME_COM":"Carpineti"},
{"PRO_COM":35012,"NOME_COM":"Casalgrande"},
{"PRO_COM":35013,"NOME_COM":"Casina"},
{"PRO_COM":35014,"NOME_COM":"Castellarano"},
{"PRO_COM":35015,"NOME_COM":"Castelnovo di Sotto"},
{"PRO_COM":35016,"NOME_COM":"Castelnovo ne' Monti"},
{"PRO_COM":35017,"NOME_COM":"Cavriago"},
{"PRO_COM":35018,"NOME_COM":"Canossa"},
{"PRO_COM":35019,"NOME_COM":"Collagna"},
{"PRO_COM":35020,"NOME_COM":"Correggio"},
{"PRO_COM":35021,"NOME_COM":"Fabbrico"},
{"PRO_COM":35022,"NOME_COM":"Gattatico"},
{"PRO_COM":35023,"NOME_COM":"Gualtieri"},
{"PRO_COM":35024,"NOME_COM":"Guastalla"},
{"PRO_COM":35025,"NOME_COM":"Ligonchio"},
{"PRO_COM":35026,"NOME_COM":"Luzzara"},
{"PRO_COM":35027,"NOME_COM":"Montecchio Emilia"},
{"PRO_COM":35028,"NOME_COM":"Novellara"},
{"PRO_COM":35029,"NOME_COM":"Poviglio"},
{"PRO_COM":35030,"NOME_COM":"Quattro Castella"},
{"PRO_COM":35031,"NOME_COM":"Ramiseto"},
{"PRO_COM":35032,"NOME_COM":"Reggiolo"},
{"PRO_COM":35033,"NOME_COM":"Reggio nell'Emilia"},
{"PRO_COM":35034,"NOME_COM":"Rio Saliceto"},
{"PRO_COM":35035,"NOME_COM":"Rolo"},
{"PRO_COM":35036,"NOME_COM":"Rubiera"},
{"PRO_COM":35037,"NOME_COM":"San Martino in Rio"},
{"PRO_COM":35038,"NOME_COM":"San Polo d'Enza"},
{"PRO_COM":35039,"NOME_COM":"Sant'Ilario d'Enza"},
{"PRO_COM":35040,"NOME_COM":"Scandiano"},
{"PRO_COM":35041,"NOME_COM":"Toano"},
{"PRO_COM":35042,"NOME_COM":"Vetto"},
{"PRO_COM":35043,"NOME_COM":"Vezzano sul Crostolo"},
{"PRO_COM":35044,"NOME_COM":"Viano"},
{"PRO_COM":35045,"NOME_COM":"Villa Minozzo"},
{"PRO_COM":36001,"NOME_COM":"Bastiglia"},
{"PRO_COM":36002,"NOME_COM":"Bomporto"},
{"PRO_COM":36003,"NOME_COM":"Campogalliano"},
{"PRO_COM":36004,"NOME_COM":"Camposanto"},
{"PRO_COM":36005,"NOME_COM":"Carpi"},
{"PRO_COM":36006,"NOME_COM":"Castelfranco Emilia"},
{"PRO_COM":36007,"NOME_COM":"Castelnuovo Rangone"},
{"PRO_COM":36008,"NOME_COM":"Castelvetro di Modena"},
{"PRO_COM":36009,"NOME_COM":"Cavezzo"},
{"PRO_COM":36010,"NOME_COM":"Concordia sulla Secchia"},
{"PRO_COM":36011,"NOME_COM":"Fanano"},
{"PRO_COM":36012,"NOME_COM":"Finale Emilia"},
{"PRO_COM":36013,"NOME_COM":"Fiorano Modenese"},
{"PRO_COM":36014,"NOME_COM":"Fiumalbo"},
{"PRO_COM":36015,"NOME_COM":"Formigine"},
{"PRO_COM":36016,"NOME_COM":"Frassinoro"},
{"PRO_COM":36017,"NOME_COM":"Guiglia"},
{"PRO_COM":36018,"NOME_COM":"Lama Mocogno"},
{"PRO_COM":36019,"NOME_COM":"Maranello"},
{"PRO_COM":36020,"NOME_COM":"Marano sul Panaro"},
{"PRO_COM":36021,"NOME_COM":"Medolla"},
{"PRO_COM":36022,"NOME_COM":"Mirandola"},
{"PRO_COM":36023,"NOME_COM":"Modena"},
{"PRO_COM":36024,"NOME_COM":"Montecreto"},
{"PRO_COM":36025,"NOME_COM":"Montefiorino"},
{"PRO_COM":36026,"NOME_COM":"Montese"},
{"PRO_COM":36027,"NOME_COM":"Nonantola"},
{"PRO_COM":36028,"NOME_COM":"Novi di Modena"},
{"PRO_COM":36029,"NOME_COM":"Palagano"},
{"PRO_COM":36030,"NOME_COM":"Pavullo nel Frignano"},
{"PRO_COM":36031,"NOME_COM":"Pievepelago"},
{"PRO_COM":36032,"NOME_COM":"Polinago"},
{"PRO_COM":36033,"NOME_COM":"Prignano sulla Secchia"},
{"PRO_COM":36034,"NOME_COM":"Ravarino"},
{"PRO_COM":36035,"NOME_COM":"Riolunato"},
{"PRO_COM":36036,"NOME_COM":"San Cesario sul Panaro"},
{"PRO_COM":36037,"NOME_COM":"San Felice sul Panaro"},
{"PRO_COM":36038,"NOME_COM":"San Possidonio"},
{"PRO_COM":36039,"NOME_COM":"San Prospero"},
{"PRO_COM":36040,"NOME_COM":"Sassuolo"},
{"PRO_COM":36041,"NOME_COM":"Savignano sul Panaro"},
{"PRO_COM":36042,"NOME_COM":"Serramazzoni"},
{"PRO_COM":36043,"NOME_COM":"Sestola"},
{"PRO_COM":36044,"NOME_COM":"Soliera"},
{"PRO_COM":36045,"NOME_COM":"Spilamberto"},
{"PRO_COM":36046,"NOME_COM":"Vignola"},
{"PRO_COM":36047,"NOME_COM":"Zocca"},
{"PRO_COM":37001,"NOME_COM":"Anzola dell'Emilia"},
{"PRO_COM":37002,"NOME_COM":"Argelato"},
{"PRO_COM":37003,"NOME_COM":"Baricella"},
{"PRO_COM":37004,"NOME_COM":"Bazzano"},
{"PRO_COM":37005,"NOME_COM":"Bentivoglio"},
{"PRO_COM":37006,"NOME_COM":"Bologna"},
{"PRO_COM":37007,"NOME_COM":"Borgo Tossignano"},
{"PRO_COM":37008,"NOME_COM":"Budrio"},
{"PRO_COM":37009,"NOME_COM":"Calderara di Reno"},
{"PRO_COM":37010,"NOME_COM":"Camugnano"},
{"PRO_COM":37011,"NOME_COM":"Casalecchio di Reno"},
{"PRO_COM":37012,"NOME_COM":"Casalfiumanese"},
{"PRO_COM":37013,"NOME_COM":"Castel d'Aiano"},
{"PRO_COM":37014,"NOME_COM":"Castel del Rio"},
{"PRO_COM":37015,"NOME_COM":"Castel di Casio"},
{"PRO_COM":37016,"NOME_COM":"Castel Guelfo di Bologna"},
{"PRO_COM":37017,"NOME_COM":"Castello d'Argile"},
{"PRO_COM":37018,"NOME_COM":"Castello di Serravalle"},
{"PRO_COM":37019,"NOME_COM":"Castel Maggiore"},
{"PRO_COM":37020,"NOME_COM":"Castel San Pietro Terme"},
{"PRO_COM":37021,"NOME_COM":"Castenaso"},
{"PRO_COM":37022,"NOME_COM":"Castiglione dei Pepoli"},
{"PRO_COM":37023,"NOME_COM":"Crespellano"},
{"PRO_COM":37024,"NOME_COM":"Crevalcore"},
{"PRO_COM":37025,"NOME_COM":"Dozza"},
{"PRO_COM":37026,"NOME_COM":"Fontanelice"},
{"PRO_COM":37027,"NOME_COM":"Gaggio Montano"},
{"PRO_COM":37028,"NOME_COM":"Galliera"},
{"PRO_COM":37029,"NOME_COM":"Granaglione"},
{"PRO_COM":37030,"NOME_COM":"Granarolo dell'Emilia"},
{"PRO_COM":37031,"NOME_COM":"Grizzana Morandi"},
{"PRO_COM":37032,"NOME_COM":"Imola"},
{"PRO_COM":37033,"NOME_COM":"Lizzano in Belvedere"},
{"PRO_COM":37034,"NOME_COM":"Loiano"},
{"PRO_COM":37035,"NOME_COM":"Malalbergo"},
{"PRO_COM":37036,"NOME_COM":"Marzabotto"},
{"PRO_COM":37037,"NOME_COM":"Medicina"},
{"PRO_COM":37038,"NOME_COM":"Minerbio"},
{"PRO_COM":37039,"NOME_COM":"Molinella"},
{"PRO_COM":37040,"NOME_COM":"Monghidoro"},
{"PRO_COM":37041,"NOME_COM":"Monterenzio"},
{"PRO_COM":37042,"NOME_COM":"Monte San Pietro"},
{"PRO_COM":37043,"NOME_COM":"Monteveglio"},
{"PRO_COM":37044,"NOME_COM":"Monzuno"},
{"PRO_COM":37045,"NOME_COM":"Mordano"},
{"PRO_COM":37046,"NOME_COM":"Ozzano dell'Emilia"},
{"PRO_COM":37047,"NOME_COM":"Pianoro"},
{"PRO_COM":37048,"NOME_COM":"Pieve di Cento"},
{"PRO_COM":37049,"NOME_COM":"Porretta Terme"},
{"PRO_COM":37050,"NOME_COM":"Sala Bolognese"},
{"PRO_COM":37051,"NOME_COM":"San Benedetto Val di Sambro"},
{"PRO_COM":37052,"NOME_COM":"San Giorgio di Piano"},
{"PRO_COM":37053,"NOME_COM":"San Giovanni in Persiceto"},
{"PRO_COM":37054,"NOME_COM":"San Lazzaro di Savena"},
{"PRO_COM":37055,"NOME_COM":"San Pietro in Casale"},
{"PRO_COM":37056,"NOME_COM":"Sant'Agata Bolognese"},
{"PRO_COM":37057,"NOME_COM":"Sasso Marconi"},
{"PRO_COM":37058,"NOME_COM":"Savigno"},
{"PRO_COM":37059,"NOME_COM":"Vergato"},
{"PRO_COM":37060,"NOME_COM":"Zola Predosa"},
{"PRO_COM":38001,"NOME_COM":"Argenta"},
{"PRO_COM":38002,"NOME_COM":"Berra"},
{"PRO_COM":38003,"NOME_COM":"Bondeno"},
{"PRO_COM":38004,"NOME_COM":"Cento"},
{"PRO_COM":38005,"NOME_COM":"Codigoro"},
{"PRO_COM":38006,"NOME_COM":"Comacchio"},
{"PRO_COM":38007,"NOME_COM":"Copparo"},
{"PRO_COM":38008,"NOME_COM":"Ferrara"},
{"PRO_COM":38009,"NOME_COM":"Formignana"},
{"PRO_COM":38010,"NOME_COM":"Jolanda di Savoia"},
{"PRO_COM":38011,"NOME_COM":"Lagosanto"},
{"PRO_COM":38012,"NOME_COM":"Masi Torello"},
{"PRO_COM":38013,"NOME_COM":"Massa Fiscaglia"},
{"PRO_COM":38014,"NOME_COM":"Mesola"},
{"PRO_COM":38015,"NOME_COM":"Migliarino"},
{"PRO_COM":38016,"NOME_COM":"Mirabello"},
{"PRO_COM":38017,"NOME_COM":"Ostellato"},
{"PRO_COM":38018,"NOME_COM":"Poggio Renatico"},
{"PRO_COM":38019,"NOME_COM":"Portomaggiore"},
{"PRO_COM":38020,"NOME_COM":"Ro"},
{"PRO_COM":38021,"NOME_COM":"Sant'Agostino"},
{"PRO_COM":38022,"NOME_COM":"Vigarano Mainarda"},
{"PRO_COM":38023,"NOME_COM":"Voghiera"},
{"PRO_COM":38024,"NOME_COM":"Tresigallo"},
{"PRO_COM":38025,"NOME_COM":"Goro"},
{"PRO_COM":38026,"NOME_COM":"Migliaro"},
{"PRO_COM":39001,"NOME_COM":"Alfonsine"},
{"PRO_COM":39002,"NOME_COM":"Bagnacavallo"},
{"PRO_COM":39003,"NOME_COM":"Bagnara di Romagna"},
{"PRO_COM":39004,"NOME_COM":"Brisighella"},
{"PRO_COM":39005,"NOME_COM":"Casola Valsenio"},
{"PRO_COM":39006,"NOME_COM":"Castel Bolognese"},
{"PRO_COM":39007,"NOME_COM":"Cervia"},
{"PRO_COM":39008,"NOME_COM":"Conselice"},
{"PRO_COM":39009,"NOME_COM":"Cotignola"},
{"PRO_COM":39010,"NOME_COM":"Faenza"},
{"PRO_COM":39011,"NOME_COM":"Fusignano"},
{"PRO_COM":39012,"NOME_COM":"Lugo"},
{"PRO_COM":39013,"NOME_COM":"Massa Lombarda"},
{"PRO_COM":39014,"NOME_COM":"Ravenna"},
{"PRO_COM":39015,"NOME_COM":"Riolo Terme"},
{"PRO_COM":39016,"NOME_COM":"Russi"},
{"PRO_COM":39017,"NOME_COM":"Sant'Agata sul Santerno"},
{"PRO_COM":39018,"NOME_COM":"Solarolo"},
{"PRO_COM":40001,"NOME_COM":"Bagno di Romagna"},
{"PRO_COM":40003,"NOME_COM":"Bertinoro"},
{"PRO_COM":40004,"NOME_COM":"Borghi"},
{"PRO_COM":40005,"NOME_COM":"Castrocaro Terme e Terra del Sole"},
{"PRO_COM":40007,"NOME_COM":"Cesena"},
{"PRO_COM":40008,"NOME_COM":"Cesenatico"},
{"PRO_COM":40009,"NOME_COM":"Civitella di Romagna"},
{"PRO_COM":40011,"NOME_COM":"Dovadola"},
{"PRO_COM":40012,"NOME_COM":"Forlì"},
{"PRO_COM":40013,"NOME_COM":"Forlimpopoli"},
{"PRO_COM":40014,"NOME_COM":"Galeata"},
{"PRO_COM":40015,"NOME_COM":"Gambettola"},
{"PRO_COM":40016,"NOME_COM":"Gatteo"},
{"PRO_COM":40018,"NOME_COM":"Longiano"},
{"PRO_COM":40019,"NOME_COM":"Meldola"},
{"PRO_COM":40020,"NOME_COM":"Mercato Saraceno"},
{"PRO_COM":40022,"NOME_COM":"Modigliana"},
{"PRO_COM":40028,"NOME_COM":"Montiano"},
{"PRO_COM":40031,"NOME_COM":"Portico e San Benedetto"},
{"PRO_COM":40032,"NOME_COM":"Predappio"},
{"PRO_COM":40033,"NOME_COM":"Premilcuore"},
{"PRO_COM":40036,"NOME_COM":"Rocca San Casciano"},
{"PRO_COM":40037,"NOME_COM":"Roncofreddo"},
{"PRO_COM":40041,"NOME_COM":"San Mauro Pascoli"},
{"PRO_COM":40043,"NOME_COM":"Santa Sofia"},
{"PRO_COM":40044,"NOME_COM":"Sarsina"},
{"PRO_COM":40045,"NOME_COM":"Savignano sul Rubicone"},
{"PRO_COM":40046,"NOME_COM":"Sogliano al Rubicone"},
{"PRO_COM":40049,"NOME_COM":"Tredozio"},
{"PRO_COM":40050,"NOME_COM":"Verghereto"},
{"PRO_COM":33001,"NOME_COM":"Agazzano"},
{"PRO_COM":33002,"NOME_COM":"Alseno"},
{"PRO_COM":33003,"NOME_COM":"Besenzone"},
{"PRO_COM":33004,"NOME_COM":"Bettola"},
{"PRO_COM":33005,"NOME_COM":"Bobbio"},
{"PRO_COM":33006,"NOME_COM":"Borgonovo Val Tidone"},
{"PRO_COM":33007,"NOME_COM":"Cadeo"},
{"PRO_COM":33008,"NOME_COM":"Calendasco"},
{"PRO_COM":33009,"NOME_COM":"Caminata"},
{"PRO_COM":33010,"NOME_COM":"Caorso"},
{"PRO_COM":33011,"NOME_COM":"Carpaneto Piacentino"},
{"PRO_COM":33012,"NOME_COM":"Castell'Arquato"},
{"PRO_COM":33013,"NOME_COM":"Castel San Giovanni"},
{"PRO_COM":33014,"NOME_COM":"Castelvetro Piacentino"},
{"PRO_COM":33015,"NOME_COM":"Cerignale"},
{"PRO_COM":33016,"NOME_COM":"Coli"},
{"PRO_COM":33017,"NOME_COM":"Corte Brugnatella"},
{"PRO_COM":33018,"NOME_COM":"Cortemaggiore"},
{"PRO_COM":33019,"NOME_COM":"Farini"},
{"PRO_COM":99001,"NOME_COM":"Bellaria-Igea Marina"},
{"PRO_COM":99002,"NOME_COM":"Cattolica"},
{"PRO_COM":99003,"NOME_COM":"Coriano"},
{"PRO_COM":99004,"NOME_COM":"Gemmano"},
{"PRO_COM":99005,"NOME_COM":"Misano Adriatico"},
{"PRO_COM":99006,"NOME_COM":"Mondaino"},
{"PRO_COM":99007,"NOME_COM":"Monte Colombo"},
{"PRO_COM":99008,"NOME_COM":"Montefiore Conca"},
{"PRO_COM":99009,"NOME_COM":"Montegridolfo"},
{"PRO_COM":99010,"NOME_COM":"Montescudo"},
{"PRO_COM":99011,"NOME_COM":"Morciano di Romagna"},
{"PRO_COM":99012,"NOME_COM":"Poggio Berni"},
{"PRO_COM":99013,"NOME_COM":"Riccione"},
{"PRO_COM":99014,"NOME_COM":"Rimini"},
{"PRO_COM":99015,"NOME_COM":"Saludecio"},
{"PRO_COM":99016,"NOME_COM":"San Clemente"},
{"PRO_COM":99017,"NOME_COM":"San Giovanni in Marignano"},
{"PRO_COM":99018,"NOME_COM":"Santarcangelo di Romagna"},
{"PRO_COM":99019,"NOME_COM":"Torriana"},
{"PRO_COM":99020,"NOME_COM":"Verucchio"},
{"PRO_COM":99021,"NOME_COM":"Casteldelci"},
{"PRO_COM":99022,"NOME_COM":"Maiolo"},
{"PRO_COM":99023,"NOME_COM":"Novafeltria"},
{"PRO_COM":99024,"NOME_COM":"Pennabilli"},
{"PRO_COM":99025,"NOME_COM":"San Leo"},
{"PRO_COM":99026,"NOME_COM":"Sant'Agata Feltria"},
{"PRO_COM":99027,"NOME_COM":"Talamello"}
]
